# networks.txt,1

# EU
RT|eu|DE;AT;CH;BE;LU;NL;DK;SE;NO;FI;GB;SI;HU;RO;BG;PL;SK;IT;ES;PT

# DE
DB|de-DE|DE
BVG|de-DE|Brandenburg;Berlin
VBB|de-DE|Brandenburg
BAYERN|de-DE|Bayern;Würzburg;Regensburg
AVV|de-DE|Augsburg
MVV|de-DE|Bayern;München
INVG|de-DE|Ingolstadt
VGN|de-DE|Nürnberg;Fürth;Erlangen
VVM|de-DE|Schwaben;Mittelschwaben;Krumbach;Günzburg;Memmingen
NVV|de-DE|Hessen;Frankfurt am Main;Kassel
VMV|de-DE|Mecklenburg-Vorpommern;Schwerin
SH|de-DE|Schleswig-Holstein;Kiel;Lübeck;Hamburg
GVH|de-DE|Niedersachsen;Hannover;Hamburg
BSVAG|de-DE|Braunschweig;Wolfsburg
VBN|de-DE|Niedersachsen;Hamburg;Bremen;Bremerhaven;Oldenburg (Oldenburg);Osnabrück;Göttingen;Rostock
VVO|de-DE|Sachsen;Dresden|disabled
VMS|de-DE|Mittelsachsen;Chemnitz
NASA|de-DE|Sachsen;Leipzig;Sachsen-Anhalt;Magdeburg;Halle
VMT|de-DE|Thüringen;Mittelthüringen;Erfurt;Jena;Gera;Weimar;Gotha
VRR|de-DE|Nordrhein-Westfalen;Essen;Dortmund;Düsseldorf;Münster;Paderborn;Höxter;Bielefeld
VRS|de-DE|Köln;Bonn
AVV_AACHEN|de-DE|Aachen
MVG|de-DE|Märkischer Kreis;Lüdenscheid
VRN|de-DE|Baden-Württemberg;Rheinland-Pfalz;Mannheim;Mainz;Trier
VVS|de-DE|Baden-Württemberg;Stuttgart
DING|de-DE|Baden-Württemberg;Ulm;Neu-Ulm
KVV|de-DE|Baden-Württemberg;Karlsruhe
NVBW|de-DE|Baden-Württemberg;Konstanz;Basel;Basel-Stadt;Reutlingen;Rottweil;Tübingen;Sigmaringen;Freiburg im Breisgau;Elsass;Bas-Rhin;Straßburg
VVV|de-DE|Vogtland;Plauen
VGS|de-DE|Saarland;Saarbrücken|disabled

# AT
OEBB|de-AT|AT
WIEN|de-AT|Wien
LINZ|de-AT|Oberösterreich;Linz
STV|de-AT|Steiermark;Graz;Marburg;Maribor;Klagenfurt
VOR|de-AT|Niederösterreich;Burgenland;Wien|disabled
OOEVV|de-AT|Oberösterreich|disabled
VVT|de-AT|Tirol|disabled
SVV|de-AT|Salzburg|disabled
VMOBIL|de-AT|Vorarlberg;Bregenz|disabled

# CZ
CZECH_REPUBLIC|cs-CZ|Tschechien;Praha;Prag|beta

# CH
SBB|de-CH|CH
VBL|de-CH|Luzern
ZVV|de-CH|Zürich

# IT
IT|it-IT|IT|alpha

# FR
PARIS|fr-FR|FR|alpha

# ES
SPAIN|es-ES|ES|alpha

# BE
SNCB|be-BE|BE|alpha

# LU
LU|lb-LU|LU;Luxemburg

# NL
NS|nl-NL|NL;Amsterdam|alpha

# DK
DSB|da-DK|DK;København

# SE
SE|sv-SE|SE;Stockholm

# FI
FINLAND|fi-FI|FI;Helsinki|beta

# GB
TLEM|en-UK|GB;Greater London;Derbyshire;Leicestershire;Rutland;Northamptonshire;Nottinghamshire;Lincolnshire;Berkshire;Buckinghamshire;East Sussex;Hampshire;Isle of Wight;Kent;Oxfordshire;Surrey;West Sussex;Essex;Hertfordshire;Bedfordshire;Cambridgeshire;Norfolk;Suffolk;Somerset;Gloucestershire;Wiltshire;Dorset;Devon;Cornwall;West Devon;Stowford;Eastleigh;Swindon;Gloucester;Plymouth;Torbay;Bournemouth;Poole;Birmingham
MERSEY|en-UK|GB;Liverpool|beta

# IE
TFI|ga-IE|IE;Dublin;GB;Belfast

# PL
PL|pl-PL|PL;Warschau

# AE
DUB|ae-AE|AE;Dubai|beta

# US
BART|us-US|US;California;Kalifornien;San Francisco|beta
RTACHICAGO|us-US|US;Illinois;Chicago|beta
CMTA|us-US|US;Texas;Austin|beta

# AU
SYDNEY|en-AU|AU;New South Wales;Sydney
MET|en-AU|AU;Victoria;Melbourne|disabled

# NI
NICARAGUA|es-NI|NI;Managua|beta
